# Kepler-21 (HD 179070), HARPS-N, GTO programme, public on DACE; CCF velocities of the
# latest DRS (3.3.12, POSTDRS_A products), fetched with dace-fetch on 2026-09-27.
# rjd = BJD - 2400000; velocities in m/s; drift already corrected by the DRS.
rjd,vrad,svrad,fwhm,sfwhm,bis,sbis,contrast,scontrast,smw,ssmw,rhk,srhk,halpha,shalpha
56762.64014988998,-19312.4215915791,1.95978969354139,11916.9138734302,3.9195793870827895,12.4632293775697,3.9195793870827895,35.2537764117743,0.0115952818664319,0.1548848617661139,0.000152090625332834,-4.897748422881163,0.000980338480655234,0.2040088985395938,9.77030449577328e-05
56764.64829814993,-19316.9115411405,1.4391583728536599,11915.3546415967,2.8783167457073304,13.9241631946234,2.8783167457073304,35.2421941790211,0.00851323361428312,0.1558038589534638,8.75729352420223e-05,-4.891864829255431,0.000556877815880017,0.2042091583541468,6.08513453991345e-05
56765.62344264006,-19328.308972089497,1.39777804567278,11921.8334142235,2.79555609134556,8.13841134080917,2.79555609134556,35.275283156572,0.00827171704854065,0.1537499749527401,8.14219561944438e-05,-4.905125930837214,0.000533817300530581,0.2060969598701839,6.41673494665393e-05
56766.63797787018,-19327.0742410909,6.03155279119583,11874.672612713899,12.0631055823917,20.677038107709897,12.0631055823917,35.208615544726,0.035767322652005,0.1632236741860635,0.000994283522863965,-4.8470734000447,0.005703071601101372,0.2050776835026498,0.000460870730336859
56768.67009664001,-19320.2028487289,1.7204594468557999,11922.199174617599,3.4409188937116104,17.8668064245819,3.4409188937116104,35.284526015169,0.0101836238803775,0.1556839888756592,0.000121082522850251,-4.892627754885648,0.000771319654063682,0.202133882176045,7.28371056560666e-05
56769.738245460205,-19318.2054088938,1.17981918386444,11911.9656527514,2.35963836772888,21.6790186258784,2.35963836772888,35.2864421990937,0.00698988271968338,0.1526368036001396,5.71922997297174e-05,-4.912486103844858,0.000381372036213535,0.2084998734239248,6.05737543522756e-05
56783.56187734986,-19323.646151420002,1.16936402127811,11907.519180523399,2.33872804255623,15.1729661697892,2.33872804255623,35.3406453303319,0.00694117364188432,0.1524933153415082,6.53173027928387e-05,-4.913443973681319,0.000436513217001544,0.2034650253677716,4.33659837494638e-05
56784.56562358979,-19325.0325020243,1.134195717555,11913.782369737999,2.26839143511,16.9568835432017,2.26839143511,35.3126775151583,0.00672355535297124,0.1522867907799029,6.10004681768244e-05,-4.914826367801761,0.000408963658899753,0.2028482387751407,4.21609292467883e-05
56785.61843620008,-19326.9080151028,1.47282891312763,11914.980936485099,2.94565782625526,20.4730171476477,2.94565782625526,35.2833891857025,0.00872286678809701,0.1523659704524415,8.88535747650349e-05,-4.91429584999578,0.000594971190165876,0.2055777822088462,7.69901865027828e-05
56798.57709011994,-19317.377153357298,0.9602239100572391,11918.057161536999,1.9204478201144801,13.0704690555667,1.9204478201144801,35.2490885189381,0.0056799555741086,0.1542104781646427,4.24611316599233e-05,-4.902117233104213,0.000276461066733112,0.2050063809863086,3.56218042472668e-05
56799.5621464001,-19319.8087533195,1.33281052557523,11925.089150071299,2.66562105115046,8.8607593308474,2.66562105115046,35.2557039271197,0.00788072486323479,0.1532994936294644,7.36589478297567e-05,-4.908089457392942,0.000486228207604995,0.2055544739779191,5.94066990593707e-05
56800.552544530015,-19317.9718050328,1.1573802534048099,11909.1207347299,2.3147605068096304,17.7668091151979,2.3147605068096304,35.2601530833882,0.00685347068347946,0.154094995614381,6.01976772512639e-05,-4.902869782482322,0.000392622060860053,0.2063863868015575,5.18205978099938e-05
56801.52498641983,-19313.7605072323,1.2842339142949701,11905.0609533084,2.5684678285899403,12.7585147371079,2.5684678285899403,35.2879709563619,0.00761323427852285,0.154258863758915,7.15649132256386e-05,-4.90180231253743,0.000465615729428693,0.2048514451520404,5.0844901951775e-05
56802.5405925801,-19314.6316312832,2.04559607290063,11926.847910674001,4.09119214580126,16.1056306401797,4.09119214580126,35.2673688433991,0.0120975452605597,0.1544287221539157,0.000165523730126704,-4.900698583346235,0.001074197233949024,0.2043429608008899,0.000104576393721905
56803.57363115996,-19314.8469627788,1.7924485319843602,11918.2558788251,3.5848970639687203,8.66410322532118,3.5848970639687203,35.2486518043236,0.0106024564035986,0.153563175683626,0.000127634944771155,-4.906352351195293,0.000839164547266098,0.2039590643028202,8.15351306020173e-05
56813.51710365992,-19321.748449588402,0.853892868318083,11917.8317321263,1.7077857366361702,12.2671693631915,1.7077857366361702,35.2332018285234,0.00504880089694307,0.1549877956357227,3.57887652943102e-05,-4.897085442965608,0.000230333623731537,0.2070054083744729,3.05721085882997e-05
56814.53784483019,-19309.8549836632,0.9627578607456471,11919.4634812382,1.92551572149129,8.7257782167498,1.92551572149129,35.227545517837,0.00569079244471991,0.1564031757882775,4.44312320069568e-05,-4.88807038754261,0.000280081178346035,0.2019401795637173,2.58352987880006e-05
56816.64063268993,-19314.5522571828,0.9024664560815789,11920.6320436139,1.80493291216316,8.49593470269383,1.80493291216316,35.1898543024865,0.00532818444293902,0.1549578286284917,3.77265668620419e-05,-4.897278351058579,0.00024291303416437,0.2094190243792017,4.01167472154102e-05
56828.450030730106,-19303.8555155945,1.71852577519227,11910.5697338254,3.43705155038454,14.9314162096843,3.43705155038454,35.2577961569308,0.0101743968300834,0.1559248448829878,0.000118183445245944,-4.891096158277254,0.000750201600212156,0.2039705279361069,7.44813489717278e-05
56829.42420896981,-19311.805129052802,1.22769175673673,11928.1567688915,2.45538351347346,17.918178913831202,2.45538351347346,35.2025441859977,0.00724636239289238,0.1560153675390816,7.06859261902536e-05,-4.890521920872735,0.000448105274029473,0.2048300402677761,4.93362187081996e-05
56830.45497856988,-19317.1282435662,1.00473594757043,11912.836885169201,2.00947189514085,18.7104205324893,2.00947189514085,35.2421308077856,0.0059446857256383,0.155517126687608,4.89368007726593e-05,-4.893692002991995,0.000312501969480168,0.2025170265380916,3.27445051586566e-05
56831.71475721989,-19312.1430065614,1.00452961255147,11909.3162885769,2.00905922510294,12.4482264489032,2.00905922510294,35.2533138621351,0.00594710844132218,0.1548623312424925,4.89392112390871e-05,-4.897893673339952,0.000315555548200793,0.2039836129176272,3.47800025995495e-05
56832.469668120146,-19314.227071864898,1.09984685546593,11927.7341494161,2.1996937109318497,11.781814118055701,2.1996937109318497,35.2358377423049,0.00649813700659629,0.1537743416016656,5.61763556830983e-05,-4.904966207985826,0.00036816707870702,0.2042357121949955,4.4451136722612e-05
56833.53225120017,-19322.4116362503,1.34000850297023,11932.0160004367,2.68001700594046,10.3803114772063,2.68001700594046,35.2381300123976,0.00791473860639397,0.152937632463927,7.83822295909467e-05,-4.910484723113362,0.000520268482754111,0.2041968329971113,5.74287365094939e-05
56834.452649749815,-19318.392891432497,1.11227937619994,11918.8754394474,2.22455875239989,11.3489751537834,2.22455875239989,35.2569527107123,0.00658041634330563,0.15285559380161,5.75024340437505e-05,-4.911029603137688,0.000382156291032795,0.2044703012893379,4.43809026047804e-05
56835.49854031997,-19323.842058698,1.17309797315145,11911.0432192443,2.34619594630291,17.5025293378752,2.34619594630291,35.2918317298686,0.00695166250496367,0.1542004856098126,6.36697619827096e-05,-4.902182298711427,0.000414610891725617,0.204016391212435,4.67136220191713e-05
56836.45305162994,-19314.7045702969,1.67353458367719,11902.0396090107,3.34706916735437,17.6030349656848,3.34706916735437,35.3489748263778,0.00994077213869982,0.1531288894749481,0.000120335730055596,-4.909217090807427,0.00079641030263294,0.2006885124173043,7.39262483410112e-05
56836.614953420125,-19312.6627201338,1.37456843586739,11910.267053907,2.74913687173478,20.4962586651902,2.74913687173478,35.3008966958379,0.00814817974043611,0.1529954444337323,8.24830438062473e-05,-4.910101160846452,0.000547004654143144,0.2024753662054425,5.79087357067425e-05
56845.43433238985,-19312.887537650302,1.3227656790388702,11929.2004527028,2.6455313580777298,7.82175968132748,2.6455313580777298,35.2355863228218,0.00781417404350514,0.1540880904567929,7.78477771219595e-05,-4.902914821724856,0.000507792426828513,0.2041107719023375,5.82269614297807e-05
56846.48216762021,-19322.7185403038,0.908491243370946,11922.743330941299,1.81698248674189,14.8113820556866,1.81698248674189,35.2521149491629,0.00537229341480627,0.1540786365406427,3.87968649093672e-05,-4.902976492951226,0.00025310359118529,0.2045468469307148,3.25671368741389e-05
56847.440481979866,-19323.2644479943,1.67969104581088,11919.066147838199,3.35938209162176,20.3800400995391,3.35938209162176,35.299550755434,0.00994915853131718,0.1532676845911504,0.000114231772811762,-4.908299482002669,0.00075441719855895,0.2049431611660194,8.57074345994957e-05
56848.40361239016,-19316.2317324791,1.47070656878654,11907.633967920101,2.94141313757308,22.7972328423682,2.94141313757308,35.2823887399048,0.0087154242433137,0.1535078497230072,9.53948647225915e-05,-4.906716256541635,0.000627720677320692,0.2030794288406501,6.36343288531449e-05
56849.40514092008,-19318.2206247519,1.63395318988238,11910.2383108554,3.26790637976476,17.2018803586091,3.26790637976476,35.265952757894,0.00967619866186601,0.1534703818549747,0.00011334661695763,-4.906962873946267,0.000746271090413717,0.2030577280587719,7.57839828976276e-05
56850.41281055985,-19317.212779123798,3.05267192737437,11891.0777257873,6.10534385474874,2.63576689446055,6.10534385474874,35.251467507236,0.0180994805920275,0.1598221905855755,0.000335649071815649,-4.867035667303298,0.002015794702384098,0.203569263776108,0.000177616438715136
56851.40919480007,-19315.746994644902,0.902724809484293,11914.158074849,1.80544961896859,11.2776397294461,1.80544961896859,35.2383218805667,0.00533995053722399,0.1541724930455779,4.05208884945003e-05,-4.902364621654277,0.000263978625251281,0.2073652325722418,3.65546720508188e-05
56852.408359310124,-19323.725604394698,1.55469179126057,11917.3382628995,3.1093835825211302,15.3926035686958,3.1093835825211302,35.2705093747537,0.00920251992329821,0.1555400866395927,0.000103556262988471,-4.893545409442261,0.000661069257127041,0.2039978537490146,6.7275153117775e-05
56853.41180146998,-19314.1578006286,1.24757071806105,11896.2921325583,2.4951414361221,7.5021656521308,2.4951414361221,35.2691925125225,0.00739739934729035,0.1555462794968644,7.19340791665792e-05,-4.893505878069477,0.000459161798461119,0.2070949468991869,5.81923222963215e-05
56863.63374368986,-19315.8345705426,2.11812404638524,11911.041825114698,4.23624809277049,2.7860347100308,4.23624809277049,35.2788102463035,0.0125471637842793,0.1557433076018245,0.000167485988564112,-4.892250047145009,0.001065991421563186,0.2059420112415153,0.00012883661057303
56863.68150456017,-19316.245732127398,1.96354547767155,11921.2878661125,3.9270909553431097,19.753352601473,3.9270909553431097,35.2648159962948,0.011616877429372,0.1553397099766728,0.000150623522393978,-4.894826435861332,0.000964371610686323,0.204788317513226,0.000115872903529385
56864.49886824982,-19314.719526260502,1.1953310029303699,11916.2134942276,2.39066200586075,19.7324839690367,2.39066200586075,35.2600338436957,0.00707396047211821,0.1537245433381277,6.0283018860597e-05,-4.905292697188452,0.000395378338185743,0.209383685551956,6.08502986450135e-05
56864.623241169844,-19314.3403125881,1.42395569740176,11905.6061809142,2.84791139480353,19.7241551869212,2.84791139480353,35.3013327708219,0.00844434683308625,0.1546747988437774,8.59945400636875e-05,-4.899104551544599,0.000556033056285123,0.2039483511217916,6.0880007988712e-05
56865.51600047015,-19316.5034380897,1.29641132567037,11911.3058070386,2.59282265134074,19.3939710369619,2.59282265134074,35.2851575766742,0.00768078305628479,0.1537197783484536,6.99226795798793e-05,-4.905323950458838,0.000458635001024587,0.2048959416291024,5.68350754475885e-05
56865.65275532985,-19316.2694758472,1.7236352066711,11907.244388623401,3.4472704133422,16.801435681451,3.4472704133422,35.3102655036505,0.0102226870957895,0.1545609360973614,0.000113094288718578,-4.899841402687804,0.000732499374017161,0.2069788060222806,9.20783641407182e-05
56866.490763030015,-19323.1831863368,1.55746882904145,11911.1320319025,3.1149376580829,10.7230072079929,3.1149376580829,35.3379924985673,0.00924140907010467,0.1534007134932538,9.87480450087087e-05,-4.907421810977513,0.000650841892089474,0.2043480023266886,7.35353940349773e-05
56866.60327298008,-19327.5533226867,2.5570304571694598,11909.841835113999,5.1140609143389195,4.41796389244331,5.1140609143389195,35.3438227553328,0.0151765627972875,0.1570096574210729,0.00023405939964172,-4.884264038090766,0.001462565438448233,0.2042880955020459,0.000141514015626697
57115.68571452005,-19319.8995914266,1.9714769920036999,11891.7418925392,3.9429539840073904,13.622071852236,3.9429539840073904,35.3746519558757,0.0117292004924698,0.1540515398118927,0.000153340367039971,-4.903153302998603,0.00100077162470009,0.2015430633576283,9.36082665474982e-05
57122.65442619985,-19325.8535405107,1.5078648608926801,11920.130301266101,3.0157297217853603,19.0952982066719,3.0157297217853603,35.2588251305194,0.0089202956858656,0.1539584092039328,9.59580608762377e-05,-4.90376154304029,0.000627145323042594,0.2058556422552966,7.41899041906138e-05
57156.576461089775,-19316.4425087903,3.23289084018228,11919.9578950732,6.465781680364549,22.307260882716,6.465781680364549,35.2511804551679,0.0191214129114044,0.1570601371460741,0.000354666271681641,-4.883948720258934,0.002214592330246503,0.1989896471589351,0.000139026746167053
57158.601135559846,-19326.4997881138,2.7227372907593,11907.5168631639,5.4454745815186,5.47471583503167,5.4454745815186,35.2408177368049,0.0161161205499826,0.1570283122599854,0.000263843533557472,-4.88414748536214,0.001648234960665461,0.2022200125378435,0.000159175114543749
57159.59502188023,-19322.224352617,1.85051051151564,11912.159539551902,3.70102102303128,14.0081941521863,3.70102102303128,35.2733541946682,0.0109591736908693,0.1555109109629764,0.000134108691037934,-4.89373169735142,0.000856473248671988,0.2048234717540091,0.000102571756256162
57160.592548179906,-19316.9382714105,1.37024883712099,11931.0447233746,2.74049767424197,8.45730040312986,2.74049767424197,35.25946665053,0.00809891242478383,0.1557533790352639,7.79526332040522e-05,-4.892185950622634,0.00049606881047223,0.2004744502742623,4.66294827450522e-05
57160.70272873016,-19320.1015002205,1.24257872103712,11908.3825809675,2.48515744207424,11.3191768895788,2.48515744207424,35.2973649018384,0.00736619842997072,0.1541409156244235,6.6233015552282e-05,-4.902570385629056,0.000431688118889851,0.2026302820423031,5.01745099839299e-05
57161.57970558014,-19322.2306233586,1.5678757923218398,11907.1219184509,3.1357515846436796,21.2064865659869,3.1357515846436796,35.294634067933,0.00929487456884445,0.1558603429239107,0.000100421153362174,-4.891505795155362,0.000638052158005866,0.2012726627930611,6.12682602204045e-05
57161.69590910012,-19321.084470176098,1.32377074740079,11894.733435489201,2.64754149480158,21.4025746916953,2.64754149480158,35.340861704664,0.00786620383992606,0.1544737227680763,7.43191789937329e-05,-4.900406641582832,0.000481984116541594,0.2026058049437127,4.88237285829123e-05
57180.507157399785,-19313.854914229498,1.32328300206645,11919.0265891477,2.6465660041329,13.3717911171409,2.6465660041329,35.2935322258102,0.00783676937508015,0.1542895241617317,7.5677762701408e-05,-4.901602875585421,0.000492148699219105,0.2041889057691809,5.6368516784897e-05
57180.72297351016,-19319.244046296302,1.3480582166806199,11918.6422014983,2.6961164333612397,18.4647954935393,2.6961164333612397,35.2473074194611,0.00797329453798003,0.1550211676331559,7.49762752766323e-05,-4.896870716557934,0.000482302773840751,0.2043255769605036,5.86506523775983e-05
57181.48883303022,-19315.653024968098,1.47438377549687,11912.519989940201,2.94876755099374,11.238779610963,2.94876755099374,35.2631471800679,0.00872886880679414,0.1540364938458814,9.22684815997243e-05,-4.903251511178943,0.000602323859028153,0.2068119350060879,8.19310360726952e-05
57181.72792391991,-19311.5062047332,1.3113311060648198,11913.5900441391,2.62266221212963,13.5229248093829,2.62266221212963,35.2369380965751,0.00775707286171915,0.1556026865359562,7.22689431760973e-05,-4.893145975953789,0.000460917143256997,0.2041778683174111,5.90083724814556e-05
57182.479524340015,-19321.656064421903,1.61359607051294,11917.9747756929,3.22719214102588,17.994202161197798,3.22719214102588,35.2812093900094,0.00955357296959095,0.1554200531039275,0.00010998093980028,-4.894312340983487,0.000703323209246535,0.2063086538621883,7.92548992079861e-05
57182.69013099,-19314.6317798309,1.31290412267966,11904.3717160627,2.62580824535931,19.1664776201357,2.62580824535931,35.2849781725514,0.00778298837038106,0.1546383002441401,7.29808643828612e-05,-4.899340612391149,0.000472144349884833,0.2050938232843491,5.61583136061454e-05
57183.511972149834,-19322.7932873164,1.49635299384284,11919.3970725832,2.99270598768568,16.681374502916,2.99270598768568,35.2666368014537,0.00885469914950773,0.1563352290797165,9.47567804153165e-05,-4.888498914590284,0.000597908038640806,0.2021698852491524,5.66329767637242e-05
57183.7178862798,-19319.884006565102,1.6295482041025,11924.2670998138,3.259096408205,9.3795491634161,3.259096408205,35.289458227382,0.0096451836908414,0.1552937306773948,0.000108074295512956,-4.895120919519488,0.000692418263425644,0.2006441438335317,6.22823151717861e-05
57184.48072726,-19325.1022171498,2.92657957487484,11933.3540799026,5.85315914974968,20.8472181262387,5.85315914974968,35.2865214148544,0.0173075921739413,0.157645567807249,0.000310293481517234,-4.880308497308529,0.001921349320975684,0.198561866621757,0.000145022766526432
57184.69114331994,-19324.963264536098,2.02282740924148,11923.0042087891,4.04565481848296,13.168094992842299,4.04565481848296,35.2734341065973,0.0119688072031881,0.1550457043199347,0.000157543795459805,-4.896712907142855,0.001013069855499914,0.2007391087788451,8.3858920551309e-05
57185.47873724019,-19323.6876372086,1.43465602417009,11907.6425111465,2.86931204834017,16.099043361002398,2.86931204834017,35.2785730226617,0.00850086274654427,0.1540999125269353,8.70416601963149e-05,-4.902837714516308,0.000567662312630708,0.2027875288816977,5.62647645412996e-05
57185.68270051014,-19320.2767362709,1.4380682236531501,11904.7442636591,2.87613644730631,18.0771178084314,2.87613644730631,35.3102334939389,0.00853080480063994,0.1550734644572011,8.65806786940372e-05,-4.89653443499144,0.000556519777112559,0.2033851710950042,6.09420821976931e-05
57186.47669180017,-19321.988578064498,1.45191025512855,11903.768764848399,2.90382051025709,12.991621221416901,2.90382051025709,35.3135804115614,0.00861443977242875,0.153336623412497,8.75209181448165e-05,-4.907844430061014,0.000577406245012593,0.203983273249617,7.02308279902191e-05
57186.7050142698,-19313.7824843694,1.25526401877765,11904.6453066579,2.5105280375552903,9.99767819060082,2.5105280375552903,35.2824622487972,0.00744059217455668,0.1537428304715254,6.67994157998441e-05,-4.905172773894527,0.000437996479618699,0.2034505301757831,5.51790709728978e-05
57188.484323809855,-19316.8701725918,1.78606387165619,11903.3679166176,3.57212774331238,19.3909311660896,3.57212774331238,35.3315605948457,0.0106027847496151,0.1540583982567646,0.000130030621479947,-4.903108543856169,0.000848553763109167,0.2022726942439432,8.30890570037211e-05
57188.6994227902,-19319.689120126,1.4484028758073,11903.7569414616,2.89680575161459,20.4343099555011,2.89680575161459,35.3191745872563,0.00859499976266159,0.1539621696169712,8.66337534675319e-05,-4.903736967108867,0.000566173163043142,0.2049817370553129,7.15009926132269e-05
57189.4767772099,-19319.396080877203,1.88258113561775,11906.215348994101,3.7651622712355,15.0892723846887,3.7651622712355,35.3250515911393,0.0111710184623565,0.1546705774085383,0.000146161990578797,-4.899131847827617,0.000945129847479289,0.1982987612217552,6.93816309061506e-05
57189.69145203009,-19318.6846513143,1.81972779911407,11901.015321158,3.63945559822814,22.7331370076627,3.63945559822814,35.3175541164789,0.0108004793352738,0.1542110400531373,0.000133283924522834,-4.902113574708116,0.000867793770804735,0.199680366089614,7.24236618804382e-05
57190.4890964902,-19317.7735112689,1.65273312877475,11907.333390986301,3.3054662575495,12.098860765679099,3.3054662575495,35.3362593297833,0.00980931742207163,0.1525348197829018,0.000112010763324683,-4.91316668950984,0.000748086173589397,0.2057104109129634,9.83994706418973e-05
57190.705527119804,-19315.458267073598,1.36675652607356,11919.1175215354,2.73351305214712,10.5850407926695,2.73351305214712,35.3089635236799,0.00809770626687573,0.1538067183012791,7.78230664054779e-05,-4.904754070267987,0.0005097856319395,0.2058237598893906,6.66435036019999e-05
57191.489431989845,-19315.563308370598,1.31031673028945,11908.048145239,2.6206334605789,20.006084721590202,2.6206334605789,35.2990365812548,0.00776834585003085,0.1535470934740956,7.42512751274582e-05,-4.906458100159538,0.000488300532711095,0.2059992976382803,6.33723530399368e-05
57191.70516464999,-19316.624627663197,1.33500858743742,11908.4868523158,2.6700171748748502,13.6047458396753,2.6700171748748502,35.2884839686159,0.00791207644094412,0.1546077687675719,7.56182308367704e-05,-4.899538178470549,0.000489429195666812,0.2060038311116504,5.92859359347046e-05
57192.48658176977,-19318.6633658918,1.39085277029216,11907.3761491809,2.78170554058432,15.2039376429691,2.78170554058432,35.2829813967767,0.00824252661628551,0.1535400920199668,8.13167734773416e-05,-4.906504146439806,0.000534822249430132,0.2043168434934101,6.50812097231673e-05
57192.70315755019,-19316.8290725011,1.34793998911618,11922.1480272614,2.69587997823237,12.934981996824702,2.69587997823237,35.2657988130769,0.00797443218446465,0.1547495193106627,7.76074719819474e-05,-4.898621684179806,0.000501245402952573,0.2025841617996794,5.05543470095127e-05
57193.48970312998,-19307.6210513264,1.36889502597187,11905.8985647968,2.73779005194374,9.91514646880276,2.73779005194374,35.2890936533853,0.00811481208415602,0.1543418591868922,7.95400973910006e-05,-4.90126266299859,0.000516861237517352,0.200368954966181,4.62223175356033e-05
57193.704007839784,-19314.8024046926,1.3039960766228902,11912.0687083711,2.60799215324577,12.3753458367979,2.60799215324577,35.2791702367683,0.00772391441008527,0.1534505991871301,7.28718132776186e-05,-4.907093142036762,0.00047993000200605,0.2051215324499391,5.39369614932767e-05
57195.48939192016,-19316.335520168403,1.83787943699605,11908.6516354797,3.67575887399211,14.8628436381877,3.67575887399211,35.3209069589479,0.0109022533504123,0.1541705201097971,0.000135179376640325,-4.902377474792531,0.000880669784078017,0.2021871966486586,8.60745233226923e-05
57195.63806563988,-19315.5741531702,1.7812676677108101,11900.8439362324,3.56253533542163,16.666329860108,3.56253533542163,35.3243207093585,0.0105743879510696,0.1544384908661862,0.000127241090556659,-4.900635192085817,0.000825634356160116,0.2030117155674599,8.82829617365949e-05
58250.70883993991,-19337.032598756,3.6090627586472297,11934.924197505501,7.21812551729447,14.544478969689601,7.21812551729447,35.4432166206334,0.0214357110334945,0.1450379627228659,0.000395109973731228,-4.966365121441374,0.002982691219889062,0.1998889773258162,0.000217720756341499
58296.64910985017,-19328.3327279146,1.0853470046118299,11923.0784118784,2.1706940092236597,13.2406928216859,2.1706940092236597,35.3144865661853,0.00642929131051071,0.1534762394522327,5.29178132207106e-05,-4.906924309395079,0.000348378528260642,0.1995460879916487,3.27285476800022e-05
58309.5497746598,-19327.7056990844,1.23309212631475,11897.1010449848,2.46618425262951,12.0415618375844,2.46618425262951,35.3678115540091,0.00733149525877432,0.1497418321134683,5.93468399324563e-05,-4.932232663734164,0.000414147881586153,0.2049368320435797,6.5229994877917e-05
58311.57536099013,-19335.5292614307,1.78318434292419,11902.763798725999,3.56636868584838,16.7189467572832,3.56636868584838,35.3925184588335,0.0106044925094124,0.1497289735935537,0.000111656220598672,-4.932322405311216,0.000779346358495457,0.2033835678061683,0.000102951575411873
58314.46013166988,-19327.4110904131,1.2349632059364901,11916.959596721399,2.4699264118729802,15.789450454502,2.4699264118729802,35.3151663706289,0.00731947284460897,0.1523345458546593,6.32297767162005e-05,-4.914506322801978,0.000423597270148957,0.2043835624380669,6.18491187914149e-05
58324.624282809906,-19328.7248744459,1.10493368754904,11907.1679374448,2.20986737509809,10.4841651859751,2.20986737509809,35.3537399734961,0.00656134833787317,0.1517905726600791,5.03011896608608e-05,-4.918165955805271,0.000339836008416056,0.2023020454635273,4.34613845657817e-05
58326.58472986985,-19333.2771918561,1.65792613261341,11912.0833658049,3.31585226522682,18.243318873295802,3.31585226522682,35.3204302908464,0.00983180902887977,0.1524706104263542,0.000105829472433419,-4.913595736337056,0.000707501800057483,0.200503683031735,7.10944774376254e-05
58328.53143016994,-19328.6186163715,1.28566412793038,11904.4036247389,2.57132825586075,12.8616990541524,2.57132825586075,35.3133162376203,0.00762760829624771,0.1532993614415417,6.40150084369145e-05,-4.908090329976154,0.000422568693516712,0.2059653007714241,7.23065312017833e-05
58330.606459860224,-19322.8939279435,1.12443833879317,11921.8439523074,2.24887667758634,15.2664205943864,2.24887667758634,35.2679069805809,0.00665276057908498,0.1540770767307826,5.11197478906079e-05,-4.902986668982288,0.000333503621280152,0.2044980581770289,5.22273293244109e-05
58341.53797901003,-19326.3659559325,1.01241102955639,11902.096875871599,2.02482205911279,14.4276040819946,2.02482205911279,35.305991623673,0.00600636605499225,0.1541873462683899,4.4352362778509e-05,-4.902267869170657,0.000288874902391015,0.2043646391206242,3.89118116259691e-05
58342.40808191011,-19330.6966378101,2.1724066151112096,11921.546086713799,4.344813230222419,12.964791266583099,4.344813230222419,35.3066497670306,0.0128675255631134,0.1544355993421598,0.000167620529834724,-4.900653954838775,0.001087693030093987,0.2018605786679153,0.000108616715214435
58345.51108788978,-19333.4785254007,1.0020675825872098,11914.2385256663,2.0041351651744197,12.9248986010033,2.0041351651744197,35.3136191778831,0.00594022570989408,0.1522814437558796,4.24905121750255e-05,-4.914862217178477,0.000284891416713217,0.2053875241296552,4.78347886312677e-05
58356.5160744898,-19337.4102312808,0.90904759518655,11906.270643777001,1.8180951903731,19.0677473474814,1.8180951903731,35.3375636717239,0.00539606871649975,0.1527233623493842,3.62619177204773e-05,-4.911909292464611,0.000241482265873744,0.2016583092728923,3.04849230650181e-05
58679.53567259014,-19334.3015203773,1.2043318028265901,11908.047277915599,2.4086636056531803,14.918844210448901,2.4086636056531803,35.378038689367,0.00715598386886692,0.1510713239400001,6.12992136739462e-05,-4.923052606199371,0.000418825090908732,0.200004045307967,4.82215550177904e-05
58715.4877376901,-19329.7008167347,1.39400222048439,11916.2608952727,2.78800444096878,10.568400073886199,2.78800444096878,35.3058994192593,0.00826039352766618,0.1523830424498129,8.19013734266784e-05,-4.914181549473366,0.000548274333674229,0.2019436360106341,5.42975586717175e-05
58734.45853867009,-19318.7609534786,1.88854942211684,11930.5391034736,3.77709884423367,18.1281808488407,3.77709884423367,35.3173351319696,0.0111811431613796,0.1520634922481013,0.000134361367220374,-4.916326007820464,0.000903910859352174,0.2017255202042084,8.57194484833565e-05
